empresa,area_departamento,antiguedad_anios,posicionamiento_salarial,evaluacion_global,movilidad_funcional_sn,tipo_contrato,rotacion_voluntaria,tramo_antiguedad
"MAPFRE TECH, S.A.",AREA CORPORATIVA DE TECNOLOGIA Y DEL DATO,41.63,Entre el medio y el punto máximo de la banda,3,Sí,Fijo,0,Más de 15 años
"MAPFRE TECH, S.A.",AREA CORPORATIVA DE TECNOLOGIA Y DEL DATO,40.0,Entre el punto mínimo y el punto medio de la banda,4,No,Fijo,0,Más de 15 años
"MAPFRE TECH, S.A.",AREA CORPORATIVA DE TECNOLOGIA Y DEL DATO,38.7,Por encima del máximo de la banda,3,No,Fijo,0,Más de 15 años
"MAPFRE TECH, S.A.",AREA CORPORATIVA DE TECNOLOGIA Y DEL DATO,38.21,Entre el medio y el punto máximo de la banda,3,No,Fijo,0,Más de 15 años
"MAPFRE TECH, S.A.",AREA CORPORATIVA DE TECNOLOGIA Y DEL DATO,38.07,Por encima del máximo de la banda,3,No,Fijo,0,Más de 15 años
"MAPFRE TECH, S.A.",AREA CORPORATIVA DE TECNOLOGIA Y DEL DATO,37.83,Entre el medio y el punto máximo de la banda,4,No,Fijo,0,Más de 15 años
"MAPFRE TECH, S.A.",AREA CORPORATIVA DE TECNOLOGIA Y DEL DATO,37.67,Entre el punto mínimo y el punto medio de la banda,4,No,Fijo,0,Más de 15 años
"MAPFRE TECH, S.A.",AREA CORPORATIVA DE TECNOLOGIA Y DEL DATO,37.56,Por encima del máximo de la banda,4,No,Fijo,0,Más de 15 años
"MAPFRE TECH, S.A.",AREA CORPORATIVA DE TECNOLOGIA Y DEL DATO,36.85,Por debajo del mínimo de la banda,3,No,Fijo,0,Más de 15 años
"MAPFRE TECH, S.A.",AREA CORPORATIVA DE TECNOLOGIA Y DEL DATO,36.76,Entre el punto mínimo y el punto medio de la banda,3,No,Fijo,0,Más de 15 años
"MAPFRE TECH, S.A.",AREA CORPORATIVA DE TECNOLOGIA Y DEL DATO,36.76,Entre el punto mínimo y el punto medio de la banda,3,No,Fijo,0,Más de 15 años
"MAPFRE TECH, S.A.",AREA CORPORATIVA DE TECNOLOGIA Y DEL DATO,36.68,Por encima del máximo de la banda,3,Sí,Fijo,0,Más de 15 años
"MAPFRE TECH, S.A.",AREA CORPORATIVA DE TECNOLOGIA Y DEL DATO,36.5,Por encima del máximo de la banda,3,No,Fijo,0,Más de 15 años
"MAPFRE TECH, S.A.",AREA CORPORATIVA DE TECNOLOGIA Y DEL DATO,36.46,Entre el medio y el punto máximo de la banda,3,No,Fijo,0,Más de 15 años
"MAPFRE TECH, S.A.",AREA CORPORATIVA DE TECNOLOGIA Y DEL DATO,36.41,Por encima del máximo de la banda,3,No,Fijo,0,Más de 15 años
"MAPFRE TECH, S.A.",AREA CORPORATIVA DE TECNOLOGIA Y DEL DATO,36.15,Por encima del máximo de la banda,3,No,Fijo,0,Más de 15 años
"MAPFRE TECH, S.A.",AREA CORPORATIVA DE TECNOLOGIA Y DEL DATO,36.08,Por encima del máximo de la banda,3,No,Fijo,0,Más de 15 años
"MAPFRE TECH, S.A.",AREA CORPORATIVA DE TECNOLOGIA Y DEL DATO,36.0,Por encima del máximo de la banda,3,No,Fijo,0,Más de 15 años
"MAPFRE TECH, S.A.",AREA CORPORATIVA DE TECNOLOGIA Y DEL DATO,35.92,Por encima del máximo de la banda,3,No,Fijo,0,Más de 15 años
"MAPFRE TECH, S.A.",AREA CORPORATIVA DE TECNOLOGIA Y DEL DATO,35.92,Entre el medio y el punto máximo de la banda,3,No,Fijo,0,Más de 15 años
"MAPFRE TECH, S.A.",AREA CORPORATIVA DE TECNOLOGIA Y DEL DATO,35.92,Por encima del máximo de la banda,3,No,Fijo,0,Más de 15 años
"MAPFRE TECH, S.A.",AREA CORPORATIVA DE TECNOLOGIA Y DEL DATO,35.71,Por encima del máximo de la banda,3,No,Fijo,0,Más de 15 años
"MAPFRE TECH, S.A.",AREA CORPORATIVA DE TECNOLOGIA Y DEL DATO,35.48,Entre el punto mínimo y el punto medio de la banda,3,Sí,Fijo,0,Más de 15 años
"MAPFRE TECH, S.A.",AREA CORPORATIVA DE TECNOLOGIA Y DEL DATO,35.34,Entre el punto mínimo y el punto medio de la banda,3,No,Fijo,0,Más de 15 años
"MAPFRE TECH, S.A.",AREA CORPORATIVA DE TECNOLOGIA Y DEL DATO,35.21,Entre el medio y el punto máximo de la banda,4,No,Fijo,0,Más de 15 años
"MAPFRE TECH, S.A.",AREA CORPORATIVA DE TECNOLOGIA Y DEL DATO,35.18,Por debajo del mínimo de la banda,3,No,Fijo,0,Más de 15 años
MAPFRE S.A.,DIRECCION CORPORATIVA DE SEGURIDAD,34.96,Por encima del máximo de la banda,2,No,Fijo,0,Más de 15 años
"MAPFRE TECH, S.A.",AREA CORPORATIVA DE TECNOLOGIA Y DEL DATO,34.75,Por debajo del mínimo de la banda,3,No,Fijo,0,Más de 15 años
"MAPFRE TECH, S.A.",AREA CORPORATIVA DE TECNOLOGIA Y DEL DATO,34.63,Entre el punto mínimo y el punto medio de la banda,4,No,Fijo,0,Más de 15 años
"MAPFRE TECH, S.A.",AREA CORPORATIVA DE TECNOLOGIA Y DEL DATO,34.61,Entre el medio y el punto máximo de la banda,4,No,Fijo,0,Más de 15 años
"MAPFRE TECH, S.A.",AREA CORPORATIVA DE TECNOLOGIA Y DEL DATO,34.61,Por encima del máximo de la banda,3,No,Fijo,0,Más de 15 años
"MAPFRE TECH, S.A.",AREA CORPORATIVA DE TECNOLOGIA Y DEL DATO,34.51,Entre el medio y el punto máximo de la banda,3,No,Fijo,0,Más de 15 años
"MAPFRE TECH, S.A.",AREA CORPORATIVA DE TECNOLOGIA Y DEL DATO,34.5,Por encima del máximo de la banda,4,No,Fijo,0,Más de 15 años
"MAPFRE TECH, S.A.",AREA CORPORATIVA DE TECNOLOGIA Y DEL DATO,34.46,Por encima del máximo de la banda,2,No,Fijo,0,Más de 15 años
"MAPFRE TECH, S.A.",AREA CORPORATIVA DE TECNOLOGIA Y DEL DATO,34.44,Entre el medio y el punto máximo de la banda,3,No,Fijo,0,Más de 15 años
"MAPFRE TECH, S.A.",AREA CORPORATIVA DE TECNOLOGIA Y DEL DATO,34.42,Por encima del máximo de la banda,3,No,Fijo,0,Más de 15 años
"MAPFRE TECH, S.A.",AREA CORPORATIVA DE TECNOLOGIA Y DEL DATO,34.17,Por encima del máximo de la banda,3,No,Fijo,0,Más de 15 años
"MAPFRE TECH, S.A.",AREA CORPORATIVA DE TECNOLOGIA Y DEL DATO,34.17,Por encima del máximo de la banda,4,No,Fijo,0,Más de 15 años
"MAPFRE TECH, S.A.",AREA CORPORATIVA DE TECNOLOGIA Y DEL DATO,33.81,Entre el medio y el punto máximo de la banda,3,No,Fijo,0,Más de 15 años
"MAPFRE TECH, S.A.",AREA CORPORATIVA DE TECNOLOGIA Y DEL DATO,33.75,Entre el medio y el punto máximo de la banda,3,No,Fijo,0,Más de 15 años
"MAPFRE TECH, S.A.",AREA CORPORATIVA DE TECNOLOGIA Y DEL DATO,33.7,Por debajo del mínimo de la banda,3,No,Fijo,0,Más de 15 años
"MAPFRE TECH, S.A.",AREA CORPORATIVA DE TECNOLOGIA Y DEL DATO,33.56,Por encima del máximo de la banda,4,Sí,Fijo,0,Más de 15 años
MAPFRE S.A.,DIRECCION CORPORATIVA DE SEGURIDAD,33.56,Entre el punto mínimo y el punto medio de la banda,2,No,Fijo,0,Más de 15 años
"MAPFRE TECH, S.A.",AREA CORPORATIVA DE TECNOLOGIA Y DEL DATO,33.39,Entre el medio y el punto máximo de la banda,3,No,Fijo,0,Más de 15 años
"MAPFRE TECH, S.A.",AREA CORPORATIVA DE TECNOLOGIA Y DEL DATO,33.36,Por encima del máximo de la banda,4,Sí,Fijo,0,Más de 15 años
"MAPFRE TECH, S.A.",AREA CORPORATIVA DE TECNOLOGIA Y DEL DATO,33.05,Entre el punto mínimo y el punto medio de la banda,4,No,Fijo,0,Más de 15 años
MAPFRE S.A.,DIRECCION CORPORATIVA DE SEGURIDAD,32.95,Por encima del máximo de la banda,4,No,Fijo,0,Más de 15 años
"MAPFRE TECH, S.A.",AREA CORPORATIVA DE TECNOLOGIA Y DEL DATO,32.84,Entre el punto mínimo y el punto medio de la banda,4,No,Fijo,0,Más de 15 años
"MAPFRE TECH, S.A.",AREA CORPORATIVA DE TECNOLOGIA Y DEL DATO,32.7,Por encima del máximo de la banda,3,No,Fijo,0,Más de 15 años
"MAPFRE TECH, S.A.",AREA CORPORATIVA DE TECNOLOGIA Y DEL DATO,32.66,Entre el medio y el punto máximo de la banda,2,No,Fijo,0,Más de 15 años
"MAPFRE TECH, S.A.",AREA CORPORATIVA DE TECNOLOGIA Y DEL DATO,32.58,Entre el medio y el punto máximo de la banda,3,No,Fijo,0,Más de 15 años
"MAPFRE TECH, S.A.",AREA CORPORATIVA DE TECNOLOGIA Y DEL DATO,32.1,Por debajo del mínimo de la banda,3,No,Fijo,0,Más de 15 años
"MAPFRE TECH, S.A.",AREA CORPORATIVA DE TECNOLOGIA Y DEL DATO,31.91,Entre el punto mínimo y el punto medio de la banda,4,No,Fijo,0,Más de 15 años
"MAPFRE TECH, S.A.",AREA CORPORATIVA DE TECNOLOGIA Y DEL DATO,31.91,Entre el punto mínimo y el punto medio de la banda,3,No,Fijo,0,Más de 15 años
"MAPFRE TECH, S.A.",AREA CORPORATIVA DE TECNOLOGIA Y DEL DATO,31.84,Entre el punto mínimo y el punto medio de la banda,4,Sí,Fijo,0,Más de 15 años
"MAPFRE TECH, S.A.",AREA CORPORATIVA DE TECNOLOGIA Y DEL DATO,31.24,Entre el medio y el punto máximo de la banda,3,No,Fijo,0,Más de 15 años
MAPFRE S.A.,DIRECCION CORPORATIVA DE SEGURIDAD,31.08,Por encima del máximo de la banda,2,No,Fijo,0,Más de 15 años
"MAPFRE TECH, S.A.",AREA CORPORATIVA DE TECNOLOGIA Y DEL DATO,31.0,Por encima del máximo de la banda,3,No,Fijo,0,Más de 15 años
"MAPFRE TECH, S.A.",AREA CORPORATIVA DE TECNOLOGIA Y DEL DATO,31.0,Por encima del máximo de la banda,3,No,Fijo,0,Más de 15 años
"MAPFRE TECH, S.A.",AREA CORPORATIVA DE TECNOLOGIA Y DEL DATO,31.0,Entre el punto mínimo y el punto medio de la banda,3,No,Fijo,0,Más de 15 años
"MAPFRE TECH, S.A.",AREA CORPORATIVA DE TECNOLOGIA Y DEL DATO,30.92,Entre el punto mínimo y el punto medio de la banda,3,No,Fijo,0,Más de 15 años
"MAPFRE TECH, S.A.",AREA CORPORATIVA DE TECNOLOGIA Y DEL DATO,30.84,Entre el medio y el punto máximo de la banda,3,No,Fijo,0,Más de 15 años
"MAPFRE TECH, S.A.",AREA CORPORATIVA DE TECNOLOGIA Y DEL DATO,30.74,Por encima del máximo de la banda,3,No,Fijo,0,Más de 15 años
"MAPFRE TECH, S.A.",AREA CORPORATIVA DE TECNOLOGIA Y DEL DATO,30.65,Entre el punto mínimo y el punto medio de la banda,3,No,Fijo,0,Más de 15 años
"MAPFRE TECH, S.A.",AREA CORPORATIVA DE TECNOLOGIA Y DEL DATO,30.0,Por debajo del mínimo de la banda,3,No,Fijo,0,Más de 15 años
"MAPFRE TECH, S.A.",AREA CORPORATIVA DE TECNOLOGIA Y DEL DATO,29.81,Entre el medio y el punto máximo de la banda,3,No,Fijo,0,Más de 15 años
"MAPFRE TECH, S.A.",AREA CORPORATIVA DE TECNOLOGIA Y DEL DATO,29.52,Entre el punto mínimo y el punto medio de la banda,3,No,Fijo,0,Más de 15 años
"MAPFRE TECH, S.A.",AREA CORPORATIVA DE TECNOLOGIA Y DEL DATO,29.4,Entre el medio y el punto máximo de la banda,3,Sí,Fijo,0,Más de 15 años
"MAPFRE TECH, S.A.",AREA CORPORATIVA DE TECNOLOGIA Y DEL DATO,29.33,Entre el medio y el punto máximo de la banda,3,No,Fijo,0,Más de 15 años
"MAPFRE TECH, S.A.",AREA CORPORATIVA DE TECNOLOGIA Y DEL DATO,29.13,Entre el medio y el punto máximo de la banda,3,No,Fijo,0,Más de 15 años
"MAPFRE TECH, S.A.",AREA CORPORATIVA DE TECNOLOGIA Y DEL DATO,29.13,Entre el punto mínimo y el punto medio de la banda,3,No,Fijo,0,Más de 15 años
"MAPFRE TECH, S.A.",AREA CORPORATIVA DE TECNOLOGIA Y DEL DATO,29.13,Entre el punto mínimo y el punto medio de la banda,3,No,Fijo,0,Más de 15 años
"MAPFRE TECH, S.A.",AREA CORPORATIVA DE TECNOLOGIA Y DEL DATO,28.96,Entre el medio y el punto máximo de la banda,3,No,Fijo,0,Más de 15 años
"MAPFRE TECH, S.A.",AREA CORPORATIVA DE TECNOLOGIA Y DEL DATO,28.73,Entre el punto mínimo y el punto medio de la banda,3,No,Fijo,0,Más de 15 años
"MAPFRE TECH, S.A.",AREA CORPORATIVA DE TECNOLOGIA Y DEL DATO,28.66,Por encima del máximo de la banda,2,No,Fijo,0,Más de 15 años
"MAPFRE TECH, S.A.",AREA CORPORATIVA DE TECNOLOGIA Y DEL DATO,28.04,Por encima del máximo de la banda,3,Sí,Fijo,0,Más de 15 años
"MAPFRE TECH, S.A.",AREA CORPORATIVA DE TECNOLOGIA Y DEL DATO,28.02,Por encima del máximo de la banda,3,No,Fijo,0,Más de 15 años
"MAPFRE TECH, S.A.",AREA CORPORATIVA DE TECNOLOGIA Y DEL DATO,27.84,Por encima del máximo de la banda,3,No,Fijo,0,Más de 15 años
MAPFRE S.A.,DIRECCION CORPORATIVA DE SEGURIDAD,27.84,Entre el medio y el punto máximo de la banda,3,No,Fijo,0,Más de 15 años
"MAPFRE TECH, S.A.",AREA CORPORATIVA DE TECNOLOGIA Y DEL DATO,27.58,Por debajo del mínimo de la banda,2,No,Fijo,0,Más de 15 años
"MAPFRE TECH, S.A.",AREA CORPORATIVA DE TECNOLOGIA Y DEL DATO,27.2,Entre el punto mínimo y el punto medio de la banda,2,No,Fijo,0,Más de 15 años
"MAPFRE TECH, S.A.",AREA CORPORATIVA DE TECNOLOGIA Y DEL DATO,26.87,Entre el medio y el punto máximo de la banda,5,No,Fijo,0,Más de 15 años
"MAPFRE TECH, S.A.",AREA CORPORATIVA DE TECNOLOGIA Y DEL DATO,26.74,Por encima del máximo de la banda,3,No,Fijo,0,Más de 15 años
"MAPFRE TECH, S.A.",AREA CORPORATIVA DE TECNOLOGIA Y DEL DATO,26.68,Entre el medio y el punto máximo de la banda,4,No,Fijo,0,Más de 15 años
"MAPFRE TECH, S.A.",AREA CORPORATIVA DE TECNOLOGIA Y DEL DATO,26.64,Entre el punto mínimo y el punto medio de la banda,3,No,Fijo,0,Más de 15 años
"MAPFRE TECH, S.A.",AREA CORPORATIVA DE TECNOLOGIA Y DEL DATO,26.55,Entre el punto mínimo y el punto medio de la banda,4,No,Fijo,0,Más de 15 años
"MAPFRE TECH, S.A.",AREA CORPORATIVA DE TECNOLOGIA Y DEL DATO,26.53,Por encima del máximo de la banda,3,Sí,Fijo,0,Más de 15 años
MAPFRE S.A.,AREA CORPORATIVA DE TECNOLOGIA Y DEL DATO,26.33,Por encima del máximo de la banda,5,No,Fijo,0,Más de 15 años
"MAPFRE TECH, S.A.",AREA CORPORATIVA DE TECNOLOGIA Y DEL DATO,26.25,Entre el punto mínimo y el punto medio de la banda,4,No,Fijo,0,Más de 15 años
"MAPFRE TECH, S.A.",AREA CORPORATIVA DE TECNOLOGIA Y DEL DATO,26.23,Por debajo del mínimo de la banda,3,No,Fijo,0,Más de 15 años
"MAPFRE TECH, S.A.",AREA CORPORATIVA DE TECNOLOGIA Y DEL DATO,25.91,Por debajo del mínimo de la banda,3,No,Fijo,0,Más de 15 años
"MAPFRE TECH, S.A.",AREA CORPORATIVA DE TECNOLOGIA Y DEL DATO,25.74,Entre el punto mínimo y el punto medio de la banda,3,No,Fijo,0,Más de 15 años
"MAPFRE TECH, S.A.",AREA CORPORATIVA DE TECNOLOGIA Y DEL DATO,25.71,Por debajo del mínimo de la banda,3,Sí,Fijo,0,Más de 15 años
MAPFRE S.A.,DIRECCION CORPORATIVA DE SEGURIDAD,25.67,Por encima del máximo de la banda,3,No,Fijo,0,Más de 15 años
"MAPFRE TECH, S.A.",AREA CORPORATIVA DE TECNOLOGIA Y DEL DATO,25.63,Por encima del máximo de la banda,2,No,Fijo,0,Más de 15 años
"MAPFRE TECH, S.A.",AREA CORPORATIVA DE TECNOLOGIA Y DEL DATO,25.42,Por encima del máximo de la banda,3,No,Fijo,0,Más de 15 años
"MAPFRE TECH, S.A.",AREA CORPORATIVA DE TECNOLOGIA Y DEL DATO,25.27,Por encima del máximo de la banda,Sin Evaluación,No,Fijo,0,Más de 15 años
"MAPFRE TECH, S.A.",AREA CORPORATIVA DE TECNOLOGIA Y DEL DATO,24.96,Por encima del máximo de la banda,3,No,Fijo,0,Más de 15 años
MAPFRE S.A.,DIRECCION CORPORATIVA DE SEGURIDAD,24.93,Por encima del máximo de la banda,4,No,Fijo,0,Más de 15 años
MAPFRE S.A.,DIRECCION CORPORATIVA DE SEGURIDAD,24.57,Por encima del máximo de la banda,4,No,Fijo,0,Más de 15 años
MAPFRE S.A.,DIRECCION CORPORATIVA DE SEGURIDAD,24.4,Entre el punto mínimo y el punto medio de la banda,4,No,Fijo,0,Más de 15 años
"MAPFRE TECH, S.A.",AREA CORPORATIVA DE TECNOLOGIA Y DEL DATO,24.15,Por encima del máximo de la banda,3,No,Fijo,0,Más de 15 años
"MAPFRE TECH, S.A.",AREA CORPORATIVA DE TECNOLOGIA Y DEL DATO,23.91,Por encima del máximo de la banda,3,No,Fijo,0,Más de 15 años
"MAPFRE TECH, S.A.",AREA CORPORATIVA DE TECNOLOGIA Y DEL DATO,23.54,Entre el medio y el punto máximo de la banda,4,Sí,Fijo,0,Más de 15 años
MAPFRE S.A.,DIRECCION CORPORATIVA DE SEGURIDAD,23.51,Por encima del máximo de la banda,3,No,Fijo,0,Más de 15 años
"MAPFRE TECH, S.A.",AREA CORPORATIVA DE TECNOLOGIA Y DEL DATO,23.13,Por encima del máximo de la banda,Sin Evaluación,No,Fijo,0,Más de 15 años
"MAPFRE TECH, S.A.",AREA CORPORATIVA DE TECNOLOGIA Y DEL DATO,23.08,Por encima del máximo de la banda,1,No,Fijo,0,Más de 15 años
"MAPFRE TECH, S.A.",AREA CORPORATIVA DE TECNOLOGIA Y DEL DATO,22.95,Entre el medio y el punto máximo de la banda,4,No,Fijo,0,Más de 15 años
"MAPFRE TECH, S.A.",AREA CORPORATIVA DE TECNOLOGIA Y DEL DATO,22.94,Por debajo del mínimo de la banda,3,Sí,Fijo,0,Más de 15 años
"MAPFRE TECH, S.A.",AREA CORPORATIVA DE TECNOLOGIA Y DEL DATO,22.91,Entre el punto mínimo y el punto medio de la banda,3,No,Fijo,0,Más de 15 años
"MAPFRE TECH, S.A.",AREA CORPORATIVA DE TECNOLOGIA Y DEL DATO,22.87,Entre el medio y el punto máximo de la banda,4,No,Fijo,0,Más de 15 años
"MAPFRE TECH, S.A.",AREA CORPORATIVA DE TECNOLOGIA Y DEL DATO,22.84,Entre el punto mínimo y el punto medio de la banda,4,No,Fijo,0,Más de 15 años
"MAPFRE TECH, S.A.",AREA CORPORATIVA DE TECNOLOGIA Y DEL DATO,22.68,Entre el punto mínimo y el punto medio de la banda,4,No,Fijo,0,Más de 15 años
"MAPFRE TECH, S.A.",AREA CORPORATIVA DE TECNOLOGIA Y DEL DATO,22.44,Entre el punto mínimo y el punto medio de la banda,3,No,Fijo,0,Más de 15 años
"MAPFRE TECH, S.A.",AREA CORPORATIVA DE TECNOLOGIA Y DEL DATO,22.23,Entre el medio y el punto máximo de la banda,2,No,Fijo,0,Más de 15 años
"MAPFRE TECH, S.A.",AREA CORPORATIVA DE TECNOLOGIA Y DEL DATO,22.08,Por encima del máximo de la banda,4,No,Fijo,0,Más de 15 años
"MAPFRE TECH, S.A.",AREA CORPORATIVA DE TECNOLOGIA Y DEL DATO,22.08,Por debajo del mínimo de la banda,3,No,Fijo,0,Más de 15 años
"MAPFRE TECH, S.A.",AREA CORPORATIVA DE TECNOLOGIA Y DEL DATO,22.08,Por encima del máximo de la banda,3,No,Fijo,0,Más de 15 años
"MAPFRE TECH, S.A.",AREA CORPORATIVA DE TECNOLOGIA Y DEL DATO,22.06,Entre el medio y el punto máximo de la banda,5,Sí,Fijo,0,Más de 15 años
"MAPFRE TECH, S.A.",AREA CORPORATIVA DE TECNOLOGIA Y DEL DATO,22.0,Por encima del máximo de la banda,3,No,Fijo,0,Más de 15 años
"MAPFRE TECH, S.A.",AREA CORPORATIVA DE TECNOLOGIA Y DEL DATO,22.0,Entre el punto mínimo y el punto medio de la banda,3,No,Fijo,0,Más de 15 años
"MAPFRE TECH, S.A.",AREA CORPORATIVA DE TECNOLOGIA Y DEL DATO,22.0,Entre el medio y el punto máximo de la banda,3,No,Fijo,0,Más de 15 años
"MAPFRE TECH, S.A.",AREA CORPORATIVA DE TECNOLOGIA Y DEL DATO,21.91,Entre el punto mínimo y el punto medio de la banda,4,No,Fijo,0,Más de 15 años
"MAPFRE TECH, S.A.",AREA CORPORATIVA DE TECNOLOGIA Y DEL DATO,21.67,Por encima del máximo de la banda,3,No,Fijo,0,Más de 15 años
"MAPFRE TECH, S.A.",AREA CORPORATIVA DE TECNOLOGIA Y DEL DATO,21.5,Por debajo del mínimo de la banda,5,No,Fijo,0,Más de 15 años
"MAPFRE TECH, S.A.",AREA CORPORATIVA DE TECNOLOGIA Y DEL DATO,21.48,Por debajo del mínimo de la banda,3,No,Fijo,0,Más de 15 años
"MAPFRE TECH, S.A.",AREA CORPORATIVA DE TECNOLOGIA Y DEL DATO,21.47,Entre el punto mínimo y el punto medio de la banda,5,No,Fijo,0,Más de 15 años
MAPFRE S.A.,DIRECCION CORPORATIVA DE SEGURIDAD,21.22,Entre el punto mínimo y el punto medio de la banda,Sin Evaluación,No,Fijo,0,Más de 15 años
"MAPFRE TECH, S.A.",AREA CORPORATIVA DE TECNOLOGIA Y DEL DATO,20.99,Entre el medio y el punto máximo de la banda,3,No,Fijo,0,Más de 15 años
"MAPFRE TECH, S.A.",AREA CORPORATIVA DE TECNOLOGIA Y DEL DATO,20.91,Entre el punto mínimo y el punto medio de la banda,3,Sí,Fijo,0,Más de 15 años
"MAPFRE TECH, S.A.",AREA CORPORATIVA DE TECNOLOGIA Y DEL DATO,20.84,Entre el punto mínimo y el punto medio de la banda,4,No,Fijo,0,Más de 15 años
"MAPFRE TECH, S.A.",AREA CORPORATIVA DE TECNOLOGIA Y DEL DATO,20.58,Por debajo del mínimo de la banda,3,No,Fijo,0,Más de 15 años
"MAPFRE TECH, S.A.",AREA CORPORATIVA DE TECNOLOGIA Y DEL DATO,20.53,Por debajo del mínimo de la banda,3,No,Fijo,0,Más de 15 años
"MAPFRE TECH, S.A.",AREA CORPORATIVA DE TECNOLOGIA Y DEL DATO,20.42,Por encima del máximo de la banda,3,No,Fijo,0,Más de 15 años
"MAPFRE TECH, S.A.",AREA CORPORATIVA DE TECNOLOGIA Y DEL DATO,20.41,Por debajo del mínimo de la banda,4,No,Fijo,0,Más de 15 años
"MAPFRE TECH, S.A.",AREA CORPORATIVA DE TECNOLOGIA Y DEL DATO,20.24,Entre el medio y el punto máximo de la banda,3,No,Fijo,0,Más de 15 años
MAPFRE S.A.,DIRECCION CORPORATIVA DE SEGURIDAD,20.16,Por encima del máximo de la banda,Sin Evaluación,No,Fijo,0,Más de 15 años
MAPFRE S.A.,DIRECCION CORPORATIVA DE SEGURIDAD,20.11,Por encima del máximo de la banda,Sin Evaluación,No,Fijo,0,Más de 15 años
"MAPFRE TECH, S.A.",AREA CORPORATIVA DE TECNOLOGIA Y DEL DATO,20.0,Entre el punto mínimo y el punto medio de la banda,4,No,Fijo,0,Más de 15 años
MAPFRE S.A.,DIRECCION CORPORATIVA DE SEGURIDAD,20.0,Entre el punto mínimo y el punto medio de la banda,3,No,Fijo,0,Más de 15 años
"MAPFRE TECH, S.A.",AREA CORPORATIVA DE TECNOLOGIA Y DEL DATO,19.95,Por encima del máximo de la banda,3,No,Fijo,0,Más de 15 años
"MAPFRE TECH, S.A.",AREA CORPORATIVA DE TECNOLOGIA Y DEL DATO,19.8,Entre el medio y el punto máximo de la banda,4,No,Fijo,0,Más de 15 años
"MAPFRE TECH, S.A.",AREA CORPORATIVA DE TECNOLOGIA Y DEL DATO,19.75,Por encima del máximo de la banda,5,No,Fijo,0,Más de 15 años
"MAPFRE TECH, S.A.",AREA CORPORATIVA DE TECNOLOGIA Y DEL DATO,19.73,Entre el punto mínimo y el punto medio de la banda,3,Sí,Fijo,0,Más de 15 años
MAPFRE S.A.,DIRECCION CORPORATIVA DE SEGURIDAD,19.61,Entre el medio y el punto máximo de la banda,Sin Evaluación,No,Fijo,0,Más de 15 años
"MAPFRE TECH, S.A.",AREA CORPORATIVA DE TECNOLOGIA Y DEL DATO,19.16,Entre el medio y el punto máximo de la banda,4,Sí,Fijo,0,Más de 15 años
"MAPFRE TECH, S.A.",AREA CORPORATIVA DE TECNOLOGIA Y DEL DATO,19.16,Entre el punto mínimo y el punto medio de la banda,4,No,Fijo,0,Más de 15 años
"MAPFRE TECH, S.A.",AREA CORPORATIVA DE TECNOLOGIA Y DEL DATO,19.16,Entre el punto mínimo y el punto medio de la banda,3,Sí,Fijo,0,Más de 15 años
"MAPFRE TECH, S.A.",AREA CORPORATIVA DE TECNOLOGIA Y DEL DATO,19.12,Entre el punto mínimo y el punto medio de la banda,4,No,Fijo,0,Más de 15 años
"MAPFRE TECH, S.A.",AREA CORPORATIVA DE TECNOLOGIA Y DEL DATO,19.0,Entre el medio y el punto máximo de la banda,4,No,Fijo,0,Más de 15 años
"MAPFRE TECH, S.A.",AREA CORPORATIVA DE TECNOLOGIA Y DEL DATO,19.0,Por debajo del mínimo de la banda,3,No,Fijo,0,Más de 15 años
"MAPFRE TECH, S.A.",AREA CORPORATIVA DE TECNOLOGIA Y DEL DATO,19.0,Por debajo del mínimo de la banda,3,No,Fijo,0,Más de 15 años
"MAPFRE TECH, S.A.",AREA CORPORATIVA DE TECNOLOGIA Y DEL DATO,19.0,Por debajo del mínimo de la banda,2,No,Fijo,0,Más de 15 años
MAPFRE S.A.,AREA CORPORATIVA DE TECNOLOGIA Y DEL DATO,18.99,Por debajo del mínimo de la banda,3,Sí,Fijo,0,Más de 15 años
"MAPFRE TECH, S.A.",AREA CORPORATIVA DE TECNOLOGIA Y DEL DATO,18.97,Entre el medio y el punto máximo de la banda,3,No,Fijo,0,Más de 15 años
"MAPFRE TECH, S.A.",AREA CORPORATIVA DE TECNOLOGIA Y DEL DATO,18.96,Entre el punto mínimo y el punto medio de la banda,5,No,Fijo,0,Más de 15 años
"MAPFRE TECH, S.A.",AREA CORPORATIVA DE TECNOLOGIA Y DEL DATO,18.84,Entre el punto mínimo y el punto medio de la banda,3,No,Fijo,0,Más de 15 años
MAPFRE S.A.,AREA CORPORATIVA DE TECNOLOGIA Y DEL DATO,18.84,Por encima del máximo de la banda,Sin Evaluación,No,Fijo,0,Más de 15 años
"MAPFRE TECH, S.A.",AREA CORPORATIVA DE TECNOLOGIA Y DEL DATO,18.58,Por encima del máximo de la banda,3,No,Fijo,0,Más de 15 años
"MAPFRE TECH, S.A.",AREA CORPORATIVA DE TECNOLOGIA Y DEL DATO,18.33,Entre el punto mínimo y el punto medio de la banda,4,No,Fijo,0,Más de 15 años
MAPFRE S.A.,DIRECCION CORPORATIVA DE SEGURIDAD,18.21,Entre el punto mínimo y el punto medio de la banda,4,No,Fijo,0,Más de 15 años
"MAPFRE TECH, S.A.",AREA CORPORATIVA DE TECNOLOGIA Y DEL DATO,18.0,Entre el punto mínimo y el punto medio de la banda,1,No,Fijo,0,Más de 15 años
"MAPFRE TECH, S.A.",AREA CORPORATIVA DE TECNOLOGIA Y DEL DATO,17.97,Entre el punto mínimo y el punto medio de la banda,4,No,Fijo,0,Más de 15 años
"MAPFRE TECH, S.A.",AREA CORPORATIVA DE TECNOLOGIA Y DEL DATO,17.97,Entre el punto mínimo y el punto medio de la banda,4,No,Fijo,0,Más de 15 años
"MAPFRE TECH, S.A.",AREA CORPORATIVA DE TECNOLOGIA Y DEL DATO,17.97,Por encima del máximo de la banda,3,No,Fijo,0,Más de 15 años
"MAPFRE TECH, S.A.",AREA CORPORATIVA DE TECNOLOGIA Y DEL DATO,17.97,Entre el punto mínimo y el punto medio de la banda,5,No,Fijo,0,Más de 15 años
"MAPFRE TECH, S.A.",AREA CORPORATIVA DE TECNOLOGIA Y DEL DATO,17.97,Entre el punto mínimo y el punto medio de la banda,4,No,Fijo,0,Más de 15 años
"MAPFRE TECH, S.A.",AREA CORPORATIVA DE TECNOLOGIA Y DEL DATO,17.91,Por encima del máximo de la banda,3,No,Fijo,0,Más de 15 años
"MAPFRE TECH, S.A.",AREA CORPORATIVA DE TECNOLOGIA Y DEL DATO,17.85,Por debajo del mínimo de la banda,3,No,Fijo,0,Más de 15 años
"MAPFRE TECH, S.A.",AREA CORPORATIVA DE TECNOLOGIA Y DEL DATO,17.83,Entre el medio y el punto máximo de la banda,4,No,Fijo,0,Más de 15 años
"MAPFRE TECH, S.A.",AREA CORPORATIVA DE TECNOLOGIA Y DEL DATO,17.83,Entre el punto mínimo y el punto medio de la banda,5,No,Fijo,0,Más de 15 años
"MAPFRE TECH, S.A.",AREA CORPORATIVA DE TECNOLOGIA Y DEL DATO,17.75,Entre el medio y el punto máximo de la banda,3,No,Fijo,0,Más de 15 años
"MAPFRE TECH, S.A.",AREA CORPORATIVA DE TECNOLOGIA Y DEL DATO,17.4,Entre el punto mínimo y el punto medio de la banda,5,No,Fijo,0,Más de 15 años
"MAPFRE TECH, S.A.",AREA CORPORATIVA DE TECNOLOGIA Y DEL DATO,16.95,Entre el punto mínimo y el punto medio de la banda,4,No,Fijo,0,Más de 15 años
"MAPFRE TECH, S.A.",AREA CORPORATIVA DE TECNOLOGIA Y DEL DATO,16.48,Entre el punto mínimo y el punto medio de la banda,3,No,Fijo,0,Más de 15 años
"MAPFRE TECH, S.A.",AREA CORPORATIVA DE TECNOLOGIA Y DEL DATO,15.98,Por debajo del mínimo de la banda,Sin Evaluación,No,Fijo,0,Más de 15 años
"MAPFRE TECH, S.A.",AREA CORPORATIVA DE TECNOLOGIA Y DEL DATO,15.91,Entre el punto mínimo y el punto medio de la banda,Sin Evaluación,Sí,Fijo,0,Más de 15 años
"MAPFRE TECH, S.A.",AREA CORPORATIVA DE TECNOLOGIA Y DEL DATO,15.67,Entre el medio y el punto máximo de la banda,4,No,Fijo,0,Más de 15 años
"MAPFRE TECH, S.A.",AREA CORPORATIVA DE TECNOLOGIA Y DEL DATO,15.57,Entre el punto mínimo y el punto medio de la banda,4,No,Fijo,0,Más de 15 años
"MAPFRE TECH, S.A.",AREA CORPORATIVA DE TECNOLOGIA Y DEL DATO,15.5,Entre el punto mínimo y el punto medio de la banda,3,Sí,Fijo,0,Más de 15 años
"MAPFRE TECH, S.A.",AREA CORPORATIVA DE TECNOLOGIA Y DEL DATO,15.45,Por debajo del mínimo de la banda,3,No,Fijo,0,Más de 15 años
MAPFRE S.A.,AREA CORPORATIVA DE TECNOLOGIA Y DEL DATO,15.37,Entre el punto mínimo y el punto medio de la banda,3,No,Fijo,0,Más de 15 años
"MAPFRE TECH, S.A.",AREA CORPORATIVA DE TECNOLOGIA Y DEL DATO,14.97,Por debajo del mínimo de la banda,4,Sí,Fijo,0,8-15 años
"MAPFRE TECH, S.A.",AREA CORPORATIVA DE TECNOLOGIA Y DEL DATO,14.93,Entre el punto mínimo y el punto medio de la banda,5,No,Fijo,0,8-15 años
"MAPFRE TECH, S.A.",AREA CORPORATIVA DE TECNOLOGIA Y DEL DATO,14.86,Entre el medio y el punto máximo de la banda,3,Sí,Fijo,0,8-15 años
"MAPFRE TECH, S.A.",AREA CORPORATIVA DE TECNOLOGIA Y DEL DATO,14.85,Por debajo del mínimo de la banda,3,No,Fijo,0,8-15 años
"MAPFRE TECH, S.A.",AREA CORPORATIVA DE TECNOLOGIA Y DEL DATO,14.82,Por encima del máximo de la banda,3,No,Fijo,0,8-15 años
"MAPFRE TECH, S.A.",AREA CORPORATIVA DE TECNOLOGIA Y DEL DATO,14.8,Entre el punto mínimo y el punto medio de la banda,3,No,Fijo,1,8-15 años
"MAPFRE TECH, S.A.",AREA CORPORATIVA DE TECNOLOGIA Y DEL DATO,14.72,Entre el punto mínimo y el punto medio de la banda,3,No,Fijo,0,8-15 años
"MAPFRE TECH, S.A.",AREA CORPORATIVA DE TECNOLOGIA Y DEL DATO,14.68,Entre el punto mínimo y el punto medio de la banda,4,Sí,Fijo,0,8-15 años
"MAPFRE TECH, S.A.",AREA CORPORATIVA DE TECNOLOGIA Y DEL DATO,14.58,Por encima del máximo de la banda,3,Sí,Fijo,0,8-15 años
"MAPFRE TECH, S.A.",AREA CORPORATIVA DE TECNOLOGIA Y DEL DATO,14.5,Entre el punto mínimo y el punto medio de la banda,3,Sí,Fijo,0,8-15 años
"MAPFRE TECH, S.A.",AREA CORPORATIVA DE TECNOLOGIA Y DEL DATO,14.5,Por encima del máximo de la banda,4,Sí,Fijo,0,8-15 años
"MAPFRE TECH, S.A.",AREA CORPORATIVA DE TECNOLOGIA Y DEL DATO,14.3,Entre el punto mínimo y el punto medio de la banda,3,No,Fijo,1,8-15 años
"MAPFRE TECH, S.A.",AREA CORPORATIVA DE TECNOLOGIA Y DEL DATO,14.16,Entre el punto mínimo y el punto medio de la banda,3,No,Fijo,0,8-15 años
"MAPFRE TECH, S.A.",AREA CORPORATIVA DE TECNOLOGIA Y DEL DATO,14.15,Entre el punto mínimo y el punto medio de la banda,4,Sí,Fijo,0,8-15 años
"MAPFRE TECH, S.A.",AREA CORPORATIVA DE TECNOLOGIA Y DEL DATO,14.08,Entre el punto mínimo y el punto medio de la banda,3,No,Fijo,0,8-15 años
"MAPFRE TECH, S.A.",AREA CORPORATIVA DE TECNOLOGIA Y DEL DATO,14.02,Por encima del máximo de la banda,3,No,Fijo,0,8-15 años
"MAPFRE TECH, S.A.",AREA CORPORATIVA DE TECNOLOGIA Y DEL DATO,13.98,Entre el medio y el punto máximo de la banda,4,No,Fijo,0,8-15 años
"MAPFRE TECH, S.A.",AREA CORPORATIVA DE TECNOLOGIA Y DEL DATO,13.97,Entre el punto mínimo y el punto medio de la banda,3,Sí,Fijo,0,8-15 años
"MAPFRE TECH, S.A.",AREA CORPORATIVA DE TECNOLOGIA Y DEL DATO,13.85,Entre el medio y el punto máximo de la banda,4,No,Fijo,0,8-15 años
"MAPFRE TECH, S.A.",AREA CORPORATIVA DE TECNOLOGIA Y DEL DATO,13.82,Por debajo del mínimo de la banda,4,Sí,Fijo,0,8-15 años
"MAPFRE TECH, S.A.",AREA CORPORATIVA DE TECNOLOGIA Y DEL DATO,13.79,Por debajo del mínimo de la banda,4,No,Fijo,0,8-15 años
MAPFRE S.A.,DIRECCION CORPORATIVA DE SEGURIDAD,13.57,Entre el medio y el punto máximo de la banda,5,Sí,Fijo,0,8-15 años
"MAPFRE TECH, S.A.",AREA CORPORATIVA DE TECNOLOGIA Y DEL DATO,13.55,Entre el medio y el punto máximo de la banda,4,No,Fijo,0,8-15 años
"MAPFRE TECH, S.A.",AREA CORPORATIVA DE TECNOLOGIA Y DEL DATO,13.04,Entre el medio y el punto máximo de la banda,4,Sí,Fijo,0,8-15 años
"MAPFRE TECH, S.A.",AREA CORPORATIVA DE TECNOLOGIA Y DEL DATO,12.91,Por debajo del mínimo de la banda,3,No,Fijo,0,8-15 años
"MAPFRE TECH, S.A.",AREA CORPORATIVA DE TECNOLOGIA Y DEL DATO,12.88,Por debajo del mínimo de la banda,3,No,Fijo,1,8-15 años
"MAPFRE TECH, S.A.",AREA CORPORATIVA DE TECNOLOGIA Y DEL DATO,12.87,Por debajo del mínimo de la banda,3,No,Fijo,1,8-15 años
"MAPFRE TECH, S.A.",AREA CORPORATIVA DE TECNOLOGIA Y DEL DATO,12.84,Entre el medio y el punto máximo de la banda,3,No,Fijo,0,8-15 años
MAPFRE S.A.,DIRECCION CORPORATIVA DE SEGURIDAD,12.67,Entre el medio y el punto máximo de la banda,5,No,Fijo,0,8-15 años
MAPFRE S.A.,DIRECCION CORPORATIVA DE SEGURIDAD,12.58,Por debajo del mínimo de la banda,3,No,Fijo,0,8-15 años
MAPFRE S.A.,DIRECCION CORPORATIVA DE SEGURIDAD,12.57,Por debajo del mínimo de la banda,4,No,Fijo,0,8-15 años
"MAPFRE TECH, S.A.",AREA CORPORATIVA DE TECNOLOGIA Y DEL DATO,12.56,Entre el punto mínimo y el punto medio de la banda,5,Sí,Fijo,0,8-15 años
"MAPFRE TECH, S.A.",AREA CORPORATIVA DE TECNOLOGIA Y DEL DATO,12.52,Entre el punto mínimo y el punto medio de la banda,4,Sí,Fijo,0,8-15 años
MAPFRE S.A.,DIRECCION CORPORATIVA DE SEGURIDAD,12.5,Entre el medio y el punto máximo de la banda,4,No,Fijo,0,8-15 años
MAPFRE S.A.,DIRECCION CORPORATIVA DE SEGURIDAD,12.26,Entre el medio y el punto máximo de la banda,4,No,Fijo,0,8-15 años
"MAPFRE TECH, S.A.",AREA CORPORATIVA DE TECNOLOGIA Y DEL DATO,12.11,Entre el punto mínimo y el punto medio de la banda,3,Sí,Fijo,0,8-15 años
"MAPFRE TECH, S.A.",AREA CORPORATIVA DE TECNOLOGIA Y DEL DATO,12.08,Por encima del máximo de la banda,3,No,Fijo,0,8-15 años
"MAPFRE TECH, S.A.",AREA CORPORATIVA DE TECNOLOGIA Y DEL DATO,12.08,Entre el punto mínimo y el punto medio de la banda,3,No,Fijo,0,8-15 años
MAPFRE S.A.,DIRECCION CORPORATIVA DE SEGURIDAD,12.04,Entre el punto mínimo y el punto medio de la banda,2,No,Fijo,0,8-15 años
MAPFRE S.A.,DIRECCION CORPORATIVA DE SEGURIDAD,12.0,Entre el punto mínimo y el punto medio de la banda,3,No,Fijo,0,8-15 años
"MAPFRE TECH, S.A.",AREA CORPORATIVA DE TECNOLOGIA Y DEL DATO,12.0,Por debajo del mínimo de la banda,4,Sí,Fijo,0,8-15 años
"MAPFRE TECH, S.A.",AREA CORPORATIVA DE TECNOLOGIA Y DEL DATO,11.96,Entre el medio y el punto máximo de la banda,3,No,Fijo,0,8-15 años
"MAPFRE TECH, S.A.",AREA CORPORATIVA DE TECNOLOGIA Y DEL DATO,11.79,Por debajo del mínimo de la banda,4,No,Fijo,1,8-15 años
"MAPFRE TECH, S.A.",AREA CORPORATIVA DE TECNOLOGIA Y DEL DATO,11.75,Entre el punto mínimo y el punto medio de la banda,4,No,Fijo,1,8-15 años
"MAPFRE TECH, S.A.",AREA CORPORATIVA DE TECNOLOGIA Y DEL DATO,11.73,Entre el punto mínimo y el punto medio de la banda,3,No,Fijo,1,8-15 años
"MAPFRE TECH, S.A.",AREA CORPORATIVA DE TECNOLOGIA Y DEL DATO,11.65,Entre el punto mínimo y el punto medio de la banda,3,Sí,Fijo,0,8-15 años
"MAPFRE TECH, S.A.",AREA CORPORATIVA DE TECNOLOGIA Y DEL DATO,11.64,Entre el medio y el punto máximo de la banda,3,No,Fijo,0,8-15 años
"MAPFRE TECH, S.A.",AREA CORPORATIVA DE TECNOLOGIA Y DEL DATO,11.51,Entre el punto mínimo y el punto medio de la banda,3,No,Fijo,0,8-15 años
"MAPFRE TECH, S.A.",AREA CORPORATIVA DE TECNOLOGIA Y DEL DATO,10.74,Por debajo del mínimo de la banda,4,No,Fijo,0,8-15 años
"MAPFRE TECH, S.A.",AREA CORPORATIVA DE TECNOLOGIA Y DEL DATO,10.58,Entre el punto mínimo y el punto medio de la banda,3,No,Fijo,0,8-15 años
"MAPFRE TECH, S.A.",AREA CORPORATIVA DE TECNOLOGIA Y DEL DATO,10.56,Por debajo del mínimo de la banda,3,No,Fijo,0,8-15 años
"MAPFRE TECH, S.A.",AREA CORPORATIVA DE TECNOLOGIA Y DEL DATO,10.53,Por debajo del mínimo de la banda,2,No,Fijo,0,8-15 años
"MAPFRE TECH, S.A.",AREA CORPORATIVA DE TECNOLOGIA Y DEL DATO,10.39,Por debajo del mínimo de la banda,2,No,Fijo,0,8-15 años
MAPFRE S.A.,DIRECCION CORPORATIVA DE SEGURIDAD,10.32,Entre el medio y el punto máximo de la banda,4,No,Fijo,1,8-15 años
"MAPFRE TECH, S.A.",AREA CORPORATIVA DE TECNOLOGIA Y DEL DATO,10.3,Entre el medio y el punto máximo de la banda,3,No,Fijo,0,8-15 años
"MAPFRE TECH, S.A.",AREA CORPORATIVA DE TECNOLOGIA Y DEL DATO,10.28,Entre el punto mínimo y el punto medio de la banda,4,No,Fijo,0,8-15 años
"MAPFRE TECH, S.A.",AREA CORPORATIVA DE TECNOLOGIA Y DEL DATO,10.23,Entre el punto mínimo y el punto medio de la banda,4,No,Fijo,0,8-15 años
"MAPFRE TECH, S.A.",AREA CORPORATIVA DE TECNOLOGIA Y DEL DATO,10.22,Por debajo del mínimo de la banda,3,No,Fijo,0,8-15 años
"MAPFRE TECH, S.A.",AREA CORPORATIVA DE TECNOLOGIA Y DEL DATO,10.19,Por debajo del mínimo de la banda,2,No,Fijo,0,8-15 años
"MAPFRE TECH, S.A.",AREA CORPORATIVA DE TECNOLOGIA Y DEL DATO,10.03,Entre el medio y el punto máximo de la banda,4,No,Fijo,1,8-15 años
"MAPFRE TECH, S.A.",AREA CORPORATIVA DE TECNOLOGIA Y DEL DATO,9.98,Entre el punto mínimo y el punto medio de la banda,4,No,Fijo,0,8-15 años
MAPFRE S.A.,AREA CORPORATIVA DE TECNOLOGIA Y DEL DATO,9.88,Entre el punto mínimo y el punto medio de la banda,4,Sí,Fijo,0,8-15 años
MAPFRE S.A.,DIRECCION CORPORATIVA DE SEGURIDAD,9.55,Entre el punto mínimo y el punto medio de la banda,3,No,Fijo,1,8-15 años
MAPFRE S.A.,DIRECCION CORPORATIVA DE SEGURIDAD,9.52,Por debajo del mínimo de la banda,4,No,Fijo,0,8-15 años
"MAPFRE TECH, S.A.",AREA CORPORATIVA DE TECNOLOGIA Y DEL DATO,9.47,Entre el medio y el punto máximo de la banda,3,No,Fijo,0,8-15 años
MAPFRE S.A.,DIRECCION CORPORATIVA DE SEGURIDAD,9.42,Entre el punto mínimo y el punto medio de la banda,4,No,Fijo,0,8-15 años
"MAPFRE TECH, S.A.",AREA CORPORATIVA DE TECNOLOGIA Y DEL DATO,9.25,Entre el punto mínimo y el punto medio de la banda,4,No,Fijo,0,8-15 años
"MAPFRE TECH, S.A.",AREA CORPORATIVA DE TECNOLOGIA Y DEL DATO,9.16,Entre el medio y el punto máximo de la banda,3,No,Fijo,0,8-15 años
MAPFRE S.A.,DIRECCION CORPORATIVA DE SEGURIDAD,8.88,Entre el punto mínimo y el punto medio de la banda,5,No,Fijo,0,8-15 años
MAPFRE S.A.,DIRECCION CORPORATIVA DE SEGURIDAD,8.82,Entre el punto mínimo y el punto medio de la banda,Sin Evaluación,No,Fijo,0,8-15 años
"MAPFRE TECH, S.A.",AREA CORPORATIVA DE TECNOLOGIA Y DEL DATO,8.76,Por debajo del mínimo de la banda,Sin Evaluación,Sí,Fijo,0,8-15 años
MAPFRE S.A.,DIRECCION CORPORATIVA DE SEGURIDAD,8.55,Entre el punto mínimo y el punto medio de la banda,4,No,Fijo,0,8-15 años
MAPFRE S.A.,DIRECCION CORPORATIVA DE SEGURIDAD,8.5,Entre el punto mínimo y el punto medio de la banda,3,No,Fijo,0,8-15 años
"MAPFRE TECH, S.A.",AREA CORPORATIVA DE TECNOLOGIA Y DEL DATO,8.45,Entre el punto mínimo y el punto medio de la banda,4,No,Fijo,0,8-15 años
"MAPFRE TECH, S.A.",AREA CORPORATIVA DE TECNOLOGIA Y DEL DATO,8.18,Entre el punto mínimo y el punto medio de la banda,4,No,Fijo,1,8-15 años
"MAPFRE TECH, S.A.",AREA CORPORATIVA DE TECNOLOGIA Y DEL DATO,8.05,Por debajo del mínimo de la banda,4,No,Fijo,0,8-15 años
"MAPFRE TECH, S.A.",AREA CORPORATIVA DE TECNOLOGIA Y DEL DATO,8.03,Entre el medio y el punto máximo de la banda,4,No,Fijo,0,8-15 años
MAPFRE S.A.,DIRECCION CORPORATIVA DE SEGURIDAD,7.91,Por encima del máximo de la banda,2,No,Fijo,0,8-15 años
MAPFRE S.A.,AREA CORPORATIVA DE TECNOLOGIA Y DEL DATO,7.82,Entre el punto mínimo y el punto medio de la banda,3,Sí,Fijo,0,8-15 años
"MAPFRE TECH, S.A.",AREA CORPORATIVA DE TECNOLOGIA Y DEL DATO,7.75,Entre el medio y el punto máximo de la banda,3,No,Fijo,0,8-15 años
"MAPFRE TECH, S.A.",AREA CORPORATIVA DE TECNOLOGIA Y DEL DATO,7.74,Entre el punto mínimo y el punto medio de la banda,3,No,Fijo,0,8-15 años
"MAPFRE TECH, S.A.",AREA CORPORATIVA DE TECNOLOGIA Y DEL DATO,7.55,Por debajo del mínimo de la banda,3,Sí,Fijo,0,8-15 años
MAPFRE S.A.,DIRECCION CORPORATIVA DE SEGURIDAD,7.55,Por debajo del mínimo de la banda,4,No,Fijo,0,8-15 años
"MAPFRE TECH, S.A.",AREA CORPORATIVA DE TECNOLOGIA Y DEL DATO,7.48,Entre el punto mínimo y el punto medio de la banda,4,No,Fijo,0,8-15 años
MAPFRE S.A.,AREA CORPORATIVA DE TECNOLOGIA Y DEL DATO,7.4,Entre el medio y el punto máximo de la banda,3,No,Fijo,0,8-15 años
MAPFRE S.A.,DIRECCION CORPORATIVA DE SEGURIDAD,7.38,Por debajo del mínimo de la banda,4,No,Fijo,0,8-15 años
"MAPFRE TECH, S.A.",AREA CORPORATIVA DE TECNOLOGIA Y DEL DATO,7.33,Entre el punto mínimo y el punto medio de la banda,3,No,Fijo,0,8-15 años
"MAPFRE TECH, S.A.",AREA CORPORATIVA DE TECNOLOGIA Y DEL DATO,7.27,Entre el punto mínimo y el punto medio de la banda,4,No,Fijo,0,8-15 años
"MAPFRE TECH, S.A.",AREA CORPORATIVA DE TECNOLOGIA Y DEL DATO,7.2,Por debajo del mínimo de la banda,4,Sí,Fijo,0,8-15 años
"MAPFRE TECH, S.A.",AREA CORPORATIVA DE TECNOLOGIA Y DEL DATO,7.17,Por debajo del mínimo de la banda,3,No,Fijo,0,8-15 años
MAPFRE S.A.,DIRECCION CORPORATIVA DE SEGURIDAD,7.15,Entre el punto mínimo y el punto medio de la banda,4,No,Fijo,0,8-15 años
"MAPFRE TECH, S.A.",AREA CORPORATIVA DE TECNOLOGIA Y DEL DATO,7.11,Por debajo del mínimo de la banda,3,No,Fijo,0,8-15 años
MAPFRE S.A.,DIRECCION CORPORATIVA DE SEGURIDAD,7.01,Entre el punto mínimo y el punto medio de la banda,4,No,Fijo,0,8-15 años
MAPFRE S.A.,DIRECCION CORPORATIVA DE SEGURIDAD,6.96,Entre el punto mínimo y el punto medio de la banda,5,No,Fijo,0,4-7 años
MAPFRE S.A.,DIRECCION CORPORATIVA DE SEGURIDAD,6.78,Entre el punto mínimo y el punto medio de la banda,4,No,Fijo,0,4-7 años
"MAPFRE TECH, S.A.",AREA CORPORATIVA DE TECNOLOGIA Y DEL DATO,6.56,Entre el punto mínimo y el punto medio de la banda,3,No,Fijo,1,4-7 años
"MAPFRE TECH, S.A.",AREA CORPORATIVA DE TECNOLOGIA Y DEL DATO,6.36,Entre el punto mínimo y el punto medio de la banda,3,No,Fijo,0,4-7 años
MAPFRE S.A.,DIRECCION CORPORATIVA DE SEGURIDAD,6.35,Entre el punto mínimo y el punto medio de la banda,3,Sí,Fijo,0,4-7 años
MAPFRE S.A.,DIRECCION CORPORATIVA DE SEGURIDAD,6.35,Por encima del máximo de la banda,4,No,Fijo,0,4-7 años
"MAPFRE TECH, S.A.",AREA CORPORATIVA DE TECNOLOGIA Y DEL DATO,6.31,Entre el medio y el punto máximo de la banda,4,No,Fijo,0,4-7 años
"MAPFRE TECH, S.A.",AREA CORPORATIVA DE TECNOLOGIA Y DEL DATO,6.29,Por debajo del mínimo de la banda,4,Sí,Fijo,0,4-7 años
"MAPFRE TECH, S.A.",AREA CORPORATIVA DE TECNOLOGIA Y DEL DATO,6.29,Entre el punto mínimo y el punto medio de la banda,4,No,Fijo,0,4-7 años
"MAPFRE TECH, S.A.",AREA CORPORATIVA DE TECNOLOGIA Y DEL DATO,6.29,Por debajo del mínimo de la banda,5,Sí,Fijo,0,4-7 años
"MAPFRE TECH, S.A.",AREA CORPORATIVA DE TECNOLOGIA Y DEL DATO,6.29,Por debajo del mínimo de la banda,4,Sí,Fijo,0,4-7 años
MAPFRE S.A.,DIRECCION CORPORATIVA DE SEGURIDAD,6.17,Entre el punto mínimo y el punto medio de la banda,4,No,Fijo,0,4-7 años
"MAPFRE TECH, S.A.",AREA CORPORATIVA DE TECNOLOGIA Y DEL DATO,6.06,Entre el punto mínimo y el punto medio de la banda,4,No,Fijo,0,4-7 años
"MAPFRE TECH, S.A.",AREA CORPORATIVA DE TECNOLOGIA Y DEL DATO,6.02,Por debajo del mínimo de la banda,3,No,Fijo,1,4-7 años
"MAPFRE TECH, S.A.",AREA CORPORATIVA DE TECNOLOGIA Y DEL DATO,5.82,Por debajo del mínimo de la banda,3,No,Fijo,1,4-7 años
MAPFRE S.A.,DIRECCION CORPORATIVA DE SEGURIDAD,5.75,Entre el punto mínimo y el punto medio de la banda,Sin Evaluación,No,Fijo,1,4-7 años
MAPFRE S.A.,DIRECCION CORPORATIVA DE SEGURIDAD,5.47,Entre el punto mínimo y el punto medio de la banda,4,No,Fijo,0,4-7 años
"MAPFRE TECH, S.A.",AREA CORPORATIVA DE TECNOLOGIA Y DEL DATO,5.18,Entre el punto mínimo y el punto medio de la banda,4,No,Fijo,0,4-7 años
MAPFRE S.A.,DIRECCION CORPORATIVA DE SEGURIDAD,5.06,Entre el punto mínimo y el punto medio de la banda,4,Sí,Fijo,0,4-7 años
"MAPFRE TECH, S.A.",AREA CORPORATIVA DE TECNOLOGIA Y DEL DATO,4.97,Entre el punto mínimo y el punto medio de la banda,4,No,Fijo,0,4-7 años
"MAPFRE TECH, S.A.",AREA CORPORATIVA DE TECNOLOGIA Y DEL DATO,4.95,Entre el punto mínimo y el punto medio de la banda,4,No,Fijo,0,4-7 años
"MAPFRE TECH, S.A.",AREA CORPORATIVA DE TECNOLOGIA Y DEL DATO,4.95,Por debajo del mínimo de la banda,3,No,Fijo,0,4-7 años
"MAPFRE TECH, S.A.",AREA CORPORATIVA DE TECNOLOGIA Y DEL DATO,4.58,Entre el punto mínimo y el punto medio de la banda,3,No,Fijo,0,4-7 años
"MAPFRE TECH, S.A.",AREA CORPORATIVA DE TECNOLOGIA Y DEL DATO,4.58,Por encima del máximo de la banda,4,No,Fijo,0,4-7 años
"MAPFRE TECH, S.A.",AREA CORPORATIVA DE TECNOLOGIA Y DEL DATO,4.54,Entre el punto mínimo y el punto medio de la banda,4,No,Fijo,1,4-7 años
MAPFRE S.A.,DIRECCION CORPORATIVA DE SEGURIDAD,4.54,Entre el punto mínimo y el punto medio de la banda,Sin Evaluación,No,Fijo,0,4-7 años
"MAPFRE TECH, S.A.",AREA CORPORATIVA DE TECNOLOGIA Y DEL DATO,4.38,Por encima del máximo de la banda,4,No,Fijo,0,4-7 años
"MAPFRE TECH, S.A.",AREA CORPORATIVA DE TECNOLOGIA Y DEL DATO,4.38,Entre el medio y el punto máximo de la banda,4,No,Fijo,0,4-7 años
"MAPFRE TECH, S.A.",AREA CORPORATIVA DE TECNOLOGIA Y DEL DATO,4.35,Por debajo del mínimo de la banda,3,Sí,Fijo,0,4-7 años
"MAPFRE TECH, S.A.",AREA CORPORATIVA DE TECNOLOGIA Y DEL DATO,4.33,Entre el punto mínimo y el punto medio de la banda,4,Sí,Fijo,0,4-7 años
"MAPFRE TECH, S.A.",AREA CORPORATIVA DE TECNOLOGIA Y DEL DATO,4.3,Entre el punto mínimo y el punto medio de la banda,3,Sí,Fijo,0,4-7 años
"MAPFRE TECH, S.A.",AREA CORPORATIVA DE TECNOLOGIA Y DEL DATO,4.22,Entre el punto mínimo y el punto medio de la banda,3,No,Fijo,0,4-7 años
MAPFRE S.A.,DIRECCION CORPORATIVA DE SEGURIDAD,4.05,Entre el punto mínimo y el punto medio de la banda,4,No,Fijo,0,4-7 años
"MAPFRE TECH, S.A.",AREA CORPORATIVA DE TECNOLOGIA Y DEL DATO,4.04,Por debajo del mínimo de la banda,4,Sí,Fijo,0,4-7 años
MAPFRE S.A.,DIRECCION CORPORATIVA DE SEGURIDAD,4.04,Por encima del máximo de la banda,3,No,Fijo,0,4-7 años
MAPFRE S.A.,DIRECCION CORPORATIVA DE SEGURIDAD,4.04,Entre el punto mínimo y el punto medio de la banda,3,No,Fijo,0,4-7 años
MAPFRE S.A.,DIRECCION CORPORATIVA DE SEGURIDAD,3.97,Entre el punto mínimo y el punto medio de la banda,4,No,Fijo,0,4-7 años
"MAPFRE TECH, S.A.",AREA CORPORATIVA DE TECNOLOGIA Y DEL DATO,3.95,Entre el medio y el punto máximo de la banda,3,No,Fijo,0,4-7 años
"MAPFRE TECH, S.A.",AREA CORPORATIVA DE TECNOLOGIA Y DEL DATO,3.85,Por debajo del mínimo de la banda,4,No,Fijo,0,4-7 años
"MAPFRE TECH, S.A.",AREA CORPORATIVA DE TECNOLOGIA Y DEL DATO,3.76,Entre el medio y el punto máximo de la banda,4,Sí,Fijo,0,4-7 años
"MAPFRE TECH, S.A.",AREA CORPORATIVA DE TECNOLOGIA Y DEL DATO,3.76,Entre el punto mínimo y el punto medio de la banda,2,No,Fijo,1,4-7 años
"MAPFRE TECH, S.A.",AREA CORPORATIVA DE TECNOLOGIA Y DEL DATO,3.76,Entre el punto mínimo y el punto medio de la banda,4,No,Fijo,0,4-7 años
"MAPFRE TECH, S.A.",AREA CORPORATIVA DE TECNOLOGIA Y DEL DATO,3.76,Entre el punto mínimo y el punto medio de la banda,3,No,Fijo,0,4-7 años
MAPFRE S.A.,DIRECCION CORPORATIVA DE SEGURIDAD,3.75,Por debajo del mínimo de la banda,3,No,Fijo,0,4-7 años
MAPFRE S.A.,DIRECCION CORPORATIVA DE SEGURIDAD,3.58,Entre el medio y el punto máximo de la banda,3,No,Fijo,0,4-7 años
"MAPFRE TECH, S.A.",AREA CORPORATIVA DE TECNOLOGIA Y DEL DATO,3.55,Entre el punto mínimo y el punto medio de la banda,3,No,Fijo,0,4-7 años
MAPFRE S.A.,DIRECCION CORPORATIVA DE SEGURIDAD,3.5,Entre el punto mínimo y el punto medio de la banda,3,No,Fijo,0,4-7 años
MAPFRE S.A.,DIRECCION CORPORATIVA DE SEGURIDAD,3.33,Entre el medio y el punto máximo de la banda,4,No,Fijo,0,4-7 años
"MAPFRE TECH, S.A.",AREA CORPORATIVA DE TECNOLOGIA Y DEL DATO,3.32,Por debajo del mínimo de la banda,3,No,Fijo,0,4-7 años
MAPFRE S.A.,DIRECCION CORPORATIVA DE SEGURIDAD,3.32,Por encima del máximo de la banda,4,No,Fijo,0,4-7 años
"MAPFRE TECH, S.A.",AREA CORPORATIVA DE TECNOLOGIA Y DEL DATO,3.32,Entre el punto mínimo y el punto medio de la banda,4,No,Fijo,0,4-7 años
"MAPFRE TECH, S.A.",AREA CORPORATIVA DE TECNOLOGIA Y DEL DATO,3.31,Entre el medio y el punto máximo de la banda,5,No,Fijo,0,4-7 años
"MAPFRE TECH, S.A.",AREA CORPORATIVA DE TECNOLOGIA Y DEL DATO,3.28,Entre el medio y el punto máximo de la banda,3,No,Fijo,0,4-7 años
MAPFRE S.A.,DIRECCION CORPORATIVA DE SEGURIDAD,3.28,Por encima del máximo de la banda,3,No,Fijo,0,4-7 años
MAPFRE S.A.,DIRECCION CORPORATIVA DE SEGURIDAD,3.23,Entre el punto mínimo y el punto medio de la banda,4,No,Fijo,0,4-7 años
MAPFRE S.A.,DIRECCION CORPORATIVA DE SEGURIDAD,3.21,Entre el punto mínimo y el punto medio de la banda,3,No,Fijo,0,4-7 años
"MAPFRE TECH, S.A.",AREA CORPORATIVA DE TECNOLOGIA Y DEL DATO,3.18,Entre el medio y el punto máximo de la banda,4,No,Fijo,0,4-7 años
MAPFRE S.A.,DIRECCION CORPORATIVA DE SEGURIDAD,3.05,Entre el punto mínimo y el punto medio de la banda,5,No,Fijo,0,4-7 años
MAPFRE S.A.,DIRECCION CORPORATIVA DE SEGURIDAD,3.05,Entre el punto mínimo y el punto medio de la banda,3,No,Fijo,0,4-7 años
"MAPFRE TECH, S.A.",AREA CORPORATIVA DE TECNOLOGIA Y DEL DATO,2.98,Entre el punto mínimo y el punto medio de la banda,4,No,Fijo,1,0-3 años
"MAPFRE TECH, S.A.",AREA CORPORATIVA DE TECNOLOGIA Y DEL DATO,2.97,Por debajo del mínimo de la banda,4,No,Fijo,0,0-3 años
MAPFRE S.A.,DIRECCION CORPORATIVA DE SEGURIDAD,2.96,Por encima del máximo de la banda,4,No,Fijo,0,0-3 años
MAPFRE S.A.,DIRECCION CORPORATIVA DE SEGURIDAD,2.89,Por encima del máximo de la banda,4,No,Fijo,0,0-3 años
MAPFRE S.A.,DIRECCION CORPORATIVA DE SEGURIDAD,2.88,Por encima del máximo de la banda,4,No,Fijo,0,0-3 años
MAPFRE S.A.,DIRECCION CORPORATIVA DE SEGURIDAD,2.84,Entre el punto mínimo y el punto medio de la banda,3,No,Fijo,0,0-3 años
MAPFRE S.A.,DIRECCION CORPORATIVA DE SEGURIDAD,2.8,Entre el punto mínimo y el punto medio de la banda,2,No,Fijo,0,0-3 años
MAPFRE S.A.,DIRECCION CORPORATIVA DE SEGURIDAD,2.8,Por debajo del mínimo de la banda,4,No,Fijo,0,0-3 años
MAPFRE S.A.,AREA CORPORATIVA DE TECNOLOGIA Y DEL DATO,2.69,Entre el punto mínimo y el punto medio de la banda,4,Sí,Fijo,0,0-3 años
"MAPFRE TECH, S.A.",AREA CORPORATIVA DE TECNOLOGIA Y DEL DATO,2.63,Entre el punto mínimo y el punto medio de la banda,3,No,Fijo,0,0-3 años
"MAPFRE TECH, S.A.",AREA CORPORATIVA DE TECNOLOGIA Y DEL DATO,2.63,Por debajo del mínimo de la banda,4,No,Fijo,0,0-3 años
MAPFRE S.A.,DIRECCION CORPORATIVA DE SEGURIDAD,2.49,Entre el punto mínimo y el punto medio de la banda,3,No,Fijo,0,0-3 años
"MAPFRE TECH, S.A.",AREA CORPORATIVA DE TECNOLOGIA Y DEL DATO,2.44,Por debajo del mínimo de la banda,3,Sí,Fijo,0,0-3 años
"MAPFRE TECH, S.A.",AREA CORPORATIVA DE TECNOLOGIA Y DEL DATO,2.34,Por debajo del mínimo de la banda,4,No,Fijo,0,0-3 años
"MAPFRE TECH, S.A.",AREA CORPORATIVA DE TECNOLOGIA Y DEL DATO,2.32,Entre el punto mínimo y el punto medio de la banda,3,No,Fijo,0,0-3 años
"MAPFRE TECH, S.A.",AREA CORPORATIVA DE TECNOLOGIA Y DEL DATO,2.16,Por debajo del mínimo de la banda,4,No,Fijo,0,0-3 años
"MAPFRE TECH, S.A.",AREA CORPORATIVA DE TECNOLOGIA Y DEL DATO,2.06,Entre el punto mínimo y el punto medio de la banda,4,No,Fijo,0,0-3 años
MAPFRE S.A.,DIRECCION CORPORATIVA DE SEGURIDAD,2.05,Por debajo del mínimo de la banda,3,No,Fijo,0,0-3 años
MAPFRE S.A.,DIRECCION CORPORATIVA DE SEGURIDAD,2.05,Por encima del máximo de la banda,3,No,Fijo,0,0-3 años
"MAPFRE TECH, S.A.",AREA CORPORATIVA DE TECNOLOGIA Y DEL DATO,1.94,Entre el medio y el punto máximo de la banda,3,No,Fijo,0,0-3 años
MAPFRE S.A.,DIRECCION CORPORATIVA DE SEGURIDAD,1.94,Por debajo del mínimo de la banda,3,No,Fijo,0,0-3 años
"MAPFRE TECH, S.A.",AREA CORPORATIVA DE TECNOLOGIA Y DEL DATO,1.87,Entre el punto mínimo y el punto medio de la banda,3,No,Fijo,0,0-3 años
MAPFRE S.A.,DIRECCION CORPORATIVA DE SEGURIDAD,1.86,Entre el punto mínimo y el punto medio de la banda,2,No,Fijo,0,0-3 años
"MAPFRE TECH, S.A.",AREA CORPORATIVA DE TECNOLOGIA Y DEL DATO,1.82,Entre el medio y el punto máximo de la banda,4,No,Fijo,0,0-3 años
"MAPFRE TECH, S.A.",AREA CORPORATIVA DE TECNOLOGIA Y DEL DATO,1.82,Entre el punto mínimo y el punto medio de la banda,4,No,Fijo,0,0-3 años
"MAPFRE TECH, S.A.",AREA CORPORATIVA DE TECNOLOGIA Y DEL DATO,1.82,Entre el punto mínimo y el punto medio de la banda,3,No,Fijo,0,0-3 años
"MAPFRE TECH, S.A.",AREA CORPORATIVA DE TECNOLOGIA Y DEL DATO,1.82,Por debajo del mínimo de la banda,3,No,Fijo,0,0-3 años
"MAPFRE TECH, S.A.",AREA CORPORATIVA DE TECNOLOGIA Y DEL DATO,1.82,Por debajo del mínimo de la banda,1,No,Fijo,0,0-3 años
"MAPFRE TECH, S.A.",AREA CORPORATIVA DE TECNOLOGIA Y DEL DATO,1.82,Entre el punto mínimo y el punto medio de la banda,4,No,Fijo,0,0-3 años
"MAPFRE TECH, S.A.",AREA CORPORATIVA DE TECNOLOGIA Y DEL DATO,1.82,Entre el punto mínimo y el punto medio de la banda,3,No,Fijo,0,0-3 años
"MAPFRE TECH, S.A.",AREA CORPORATIVA DE TECNOLOGIA Y DEL DATO,1.79,Entre el punto mínimo y el punto medio de la banda,3,No,Fijo,1,0-3 años
"MAPFRE TECH, S.A.",AREA CORPORATIVA DE TECNOLOGIA Y DEL DATO,1.74,Por debajo del mínimo de la banda,4,Sí,Fijo,0,0-3 años
"MAPFRE TECH, S.A.",AREA CORPORATIVA DE TECNOLOGIA Y DEL DATO,1.68,Entre el punto mínimo y el punto medio de la banda,3,No,Fijo,0,0-3 años
"MAPFRE TECH, S.A.",AREA CORPORATIVA DE TECNOLOGIA Y DEL DATO,1.61,Entre el punto mínimo y el punto medio de la banda,2,No,Fijo,1,0-3 años
"MAPFRE TECH, S.A.",AREA CORPORATIVA DE TECNOLOGIA Y DEL DATO,1.57,Por debajo del mínimo de la banda,4,Sí,Fijo,0,0-3 años
"MAPFRE TECH, S.A.",AREA CORPORATIVA DE TECNOLOGIA Y DEL DATO,1.52,Entre el punto mínimo y el punto medio de la banda,Sin Evaluación,No,Fijo,0,0-3 años
"MAPFRE TECH, S.A.",AREA CORPORATIVA DE TECNOLOGIA Y DEL DATO,1.5,Por debajo del mínimo de la banda,3,No,Fijo,0,0-3 años
"MAPFRE TECH, S.A.",AREA CORPORATIVA DE TECNOLOGIA Y DEL DATO,1.44,Entre el punto mínimo y el punto medio de la banda,3,No,Fijo,0,0-3 años
"MAPFRE TECH, S.A.",AREA CORPORATIVA DE TECNOLOGIA Y DEL DATO,1.44,Entre el punto mínimo y el punto medio de la banda,4,Sí,Fijo,0,0-3 años
"MAPFRE TECH, S.A.",AREA CORPORATIVA DE TECNOLOGIA Y DEL DATO,1.34,Por debajo del mínimo de la banda,3,No,Fijo,0,0-3 años
"MAPFRE TECH, S.A.",AREA CORPORATIVA DE TECNOLOGIA Y DEL DATO,1.33,Por debajo del mínimo de la banda,3,No,Fijo,0,0-3 años
"MAPFRE TECH, S.A.",AREA CORPORATIVA DE TECNOLOGIA Y DEL DATO,1.33,Entre el punto mínimo y el punto medio de la banda,4,Sí,Fijo,0,0-3 años
"MAPFRE TECH, S.A.",AREA CORPORATIVA DE TECNOLOGIA Y DEL DATO,1.33,Entre el medio y el punto máximo de la banda,3,No,Fijo,0,0-3 años
"MAPFRE TECH, S.A.",AREA CORPORATIVA DE TECNOLOGIA Y DEL DATO,1.33,Por debajo del mínimo de la banda,2,No,Fijo,0,0-3 años
"MAPFRE TECH, S.A.",AREA CORPORATIVA DE TECNOLOGIA Y DEL DATO,1.33,Entre el medio y el punto máximo de la banda,3,No,Fijo,0,0-3 años
"MAPFRE TECH, S.A.",AREA CORPORATIVA DE TECNOLOGIA Y DEL DATO,1.31,Entre el punto mínimo y el punto medio de la banda,4,No,Fijo,0,0-3 años
"MAPFRE TECH, S.A.",AREA CORPORATIVA DE TECNOLOGIA Y DEL DATO,1.31,Por debajo del mínimo de la banda,3,No,Fijo,0,0-3 años
"MAPFRE TECH, S.A.",AREA CORPORATIVA DE TECNOLOGIA Y DEL DATO,1.31,Por debajo del mínimo de la banda,3,No,Fijo,0,0-3 años
"MAPFRE TECH, S.A.",AREA CORPORATIVA DE TECNOLOGIA Y DEL DATO,1.25,Por debajo del mínimo de la banda,3,No,Fijo,0,0-3 años
"MAPFRE TECH, S.A.",AREA CORPORATIVA DE TECNOLOGIA Y DEL DATO,1.21,Entre el punto mínimo y el punto medio de la banda,4,No,Fijo,0,0-3 años
"MAPFRE TECH, S.A.",AREA CORPORATIVA DE TECNOLOGIA Y DEL DATO,1.19,Por debajo del mínimo de la banda,3,No,Fijo,0,0-3 años
MAPFRE S.A.,AREA CORPORATIVA DE TECNOLOGIA Y DEL DATO,1.17,Entre el punto mínimo y el punto medio de la banda,4,No,Fijo,0,0-3 años
"MAPFRE TECH, S.A.",AREA CORPORATIVA DE TECNOLOGIA Y DEL DATO,1.16,Entre el medio y el punto máximo de la banda,3,No,Fijo,0,0-3 años
"MAPFRE TECH, S.A.",AREA CORPORATIVA DE TECNOLOGIA Y DEL DATO,1.1,Entre el punto mínimo y el punto medio de la banda,3,No,Fijo,0,0-3 años
"MAPFRE TECH, S.A.",AREA CORPORATIVA DE TECNOLOGIA Y DEL DATO,1.1,Entre el punto mínimo y el punto medio de la banda,3,No,Fijo,0,0-3 años
"MAPFRE TECH, S.A.",AREA CORPORATIVA DE TECNOLOGIA Y DEL DATO,1.03,Entre el punto mínimo y el punto medio de la banda,2,No,Fijo,0,0-3 años
"MAPFRE TECH, S.A.",AREA CORPORATIVA DE TECNOLOGIA Y DEL DATO,0.93,Por debajo del mínimo de la banda,2,No,Fijo,0,0-3 años
"MAPFRE TECH, S.A.",AREA CORPORATIVA DE TECNOLOGIA Y DEL DATO,0.91,Entre el punto mínimo y el punto medio de la banda,3,No,Fijo,0,0-3 años
"MAPFRE TECH, S.A.",AREA CORPORATIVA DE TECNOLOGIA Y DEL DATO,0.85,Entre el punto mínimo y el punto medio de la banda,3,No,Fijo,0,0-3 años
MAPFRE S.A.,DIRECCION CORPORATIVA DE SEGURIDAD,0.85,Por debajo del mínimo de la banda,4,No,Fijo,0,0-3 años
MAPFRE S.A.,DIRECCION CORPORATIVA DE SEGURIDAD,0.84,Entre el punto mínimo y el punto medio de la banda,Sin Evaluación,No,Fijo,0,0-3 años
"MAPFRE TECH, S.A.",AREA CORPORATIVA DE TECNOLOGIA Y DEL DATO,0.84,Por debajo del mínimo de la banda,3,No,Fijo,0,0-3 años
"MAPFRE TECH, S.A.",AREA CORPORATIVA DE TECNOLOGIA Y DEL DATO,0.8,Por debajo del mínimo de la banda,3,No,Temporal,0,0-3 años
MAPFRE S.A.,AREA CORPORATIVA DE TECNOLOGIA Y DEL DATO,0.75,Por debajo del mínimo de la banda,4,No,Fijo,0,0-3 años
MAPFRE S.A.,DIRECCION CORPORATIVA DE SEGURIDAD,0.73,Entre el punto mínimo y el punto medio de la banda,Sin Evaluación,No,Temporal,0,0-3 años
"MAPFRE TECH, S.A.",AREA CORPORATIVA DE TECNOLOGIA Y DEL DATO,0.69,Por debajo del mínimo de la banda,3,No,Fijo,0,0-3 años
"MAPFRE TECH, S.A.",AREA CORPORATIVA DE TECNOLOGIA Y DEL DATO,0.68,Entre el punto mínimo y el punto medio de la banda,3,No,Fijo,0,0-3 años
"MAPFRE TECH, S.A.",AREA CORPORATIVA DE TECNOLOGIA Y DEL DATO,0.66,Entre el punto mínimo y el punto medio de la banda,2,No,Fijo,0,0-3 años
"MAPFRE TECH, S.A.",AREA CORPORATIVA DE TECNOLOGIA Y DEL DATO,0.65,Entre el punto mínimo y el punto medio de la banda,2,No,Fijo,0,0-3 años
"MAPFRE TECH, S.A.",AREA CORPORATIVA DE TECNOLOGIA Y DEL DATO,0.54,Entre el punto mínimo y el punto medio de la banda,4,No,Fijo,0,0-3 años
"MAPFRE TECH, S.A.",AREA CORPORATIVA DE TECNOLOGIA Y DEL DATO,0.52,Entre el punto mínimo y el punto medio de la banda,3,No,Fijo,0,0-3 años
"MAPFRE TECH, S.A.",AREA CORPORATIVA DE TECNOLOGIA Y DEL DATO,0.52,Entre el medio y el punto máximo de la banda,3,No,Fijo,0,0-3 años
MAPFRE S.A.,DIRECCION CORPORATIVA DE SEGURIDAD,0.5,Por debajo del mínimo de la banda,3,No,Fijo,0,0-3 años
"MAPFRE TECH, S.A.",AREA CORPORATIVA DE TECNOLOGIA Y DEL DATO,0.49,Entre el punto mínimo y el punto medio de la banda,3,No,Fijo,0,0-3 años
"MAPFRE TECH, S.A.",AREA CORPORATIVA DE TECNOLOGIA Y DEL DATO,0.45,Entre el punto mínimo y el punto medio de la banda,3,No,Fijo,0,0-3 años
MAPFRE S.A.,DIRECCION CORPORATIVA DE SEGURIDAD,0.45,Por debajo del mínimo de la banda,3,No,Fijo,0,0-3 años
"MAPFRE TECH, S.A.",AREA CORPORATIVA DE TECNOLOGIA Y DEL DATO,0.43,Entre el medio y el punto máximo de la banda,3,No,Fijo,0,0-3 años
MAPFRE S.A.,AREA CORPORATIVA DE TECNOLOGIA Y DEL DATO,0.43,Por debajo del mínimo de la banda,2,No,Fijo,0,0-3 años
"MAPFRE TECH, S.A.",AREA CORPORATIVA DE TECNOLOGIA Y DEL DATO,0.41,Entre el punto mínimo y el punto medio de la banda,3,No,Fijo,0,0-3 años
"MAPFRE TECH, S.A.",AREA CORPORATIVA DE TECNOLOGIA Y DEL DATO,0.41,Entre el punto mínimo y el punto medio de la banda,3,No,Fijo,0,0-3 años
"MAPFRE TECH, S.A.",AREA CORPORATIVA DE TECNOLOGIA Y DEL DATO,0.35,Entre el medio y el punto máximo de la banda,4,No,Fijo,0,0-3 años
"MAPFRE TECH, S.A.",AREA CORPORATIVA DE TECNOLOGIA Y DEL DATO,0.35,Entre el punto mínimo y el punto medio de la banda,3,No,Fijo,0,0-3 años
MAPFRE S.A.,AREA CORPORATIVA DE TECNOLOGIA Y DEL DATO,0.35,Entre el punto mínimo y el punto medio de la banda,2,No,Fijo,0,0-3 años
"MAPFRE TECH, S.A.",AREA CORPORATIVA DE TECNOLOGIA Y DEL DATO,0.33,Por debajo del mínimo de la banda,3,No,Fijo,0,0-3 años
"MAPFRE TECH, S.A.",AREA CORPORATIVA DE TECNOLOGIA Y DEL DATO,0.33,Entre el punto mínimo y el punto medio de la banda,3,No,Fijo,0,0-3 años
MAPFRE S.A.,DIRECCION CORPORATIVA DE SEGURIDAD,0.33,Entre el punto mínimo y el punto medio de la banda,2,No,Fijo,0,0-3 años
"MAPFRE TECH, S.A.",AREA CORPORATIVA DE TECNOLOGIA Y DEL DATO,0.33,Por debajo del mínimo de la banda,3,No,Fijo,0,0-3 años
"MAPFRE TECH, S.A.",AREA CORPORATIVA DE TECNOLOGIA Y DEL DATO,0.31,Por debajo del mínimo de la banda,3,No,Fijo,0,0-3 años
"MAPFRE TECH, S.A.",AREA CORPORATIVA DE TECNOLOGIA Y DEL DATO,0.31,Entre el medio y el punto máximo de la banda,3,No,Fijo,0,0-3 años
"MAPFRE TECH, S.A.",AREA CORPORATIVA DE TECNOLOGIA Y DEL DATO,0.29,Entre el medio y el punto máximo de la banda,3,No,Fijo,0,0-3 años
"MAPFRE TECH, S.A.",AREA CORPORATIVA DE TECNOLOGIA Y DEL DATO,0.27,Entre el medio y el punto máximo de la banda,3,No,Fijo,0,0-3 años
MAPFRE S.A.,AREA CORPORATIVA DE TECNOLOGIA Y DEL DATO,0.27,Entre el punto mínimo y el punto medio de la banda,4,No,Fijo,0,0-3 años
"MAPFRE TECH, S.A.",AREA CORPORATIVA DE TECNOLOGIA Y DEL DATO,0.24,Entre el punto mínimo y el punto medio de la banda,3,No,Fijo,0,0-3 años
"MAPFRE TECH, S.A.",AREA CORPORATIVA DE TECNOLOGIA Y DEL DATO,0.22,Entre el punto mínimo y el punto medio de la banda,3,No,Fijo,0,0-3 años
"MAPFRE TECH, S.A.",AREA CORPORATIVA DE TECNOLOGIA Y DEL DATO,0.21,Por debajo del mínimo de la banda,3,No,Fijo,0,0-3 años
"MAPFRE TECH, S.A.",AREA CORPORATIVA DE TECNOLOGIA Y DEL DATO,0.2,Por debajo del mínimo de la banda,3,No,Fijo,0,0-3 años
"MAPFRE TECH, S.A.",AREA CORPORATIVA DE TECNOLOGIA Y DEL DATO,0.16,Por debajo del mínimo de la banda,Sin Evaluación,No,Fijo,0,0-3 años
MAPFRE S.A.,DIRECCION CORPORATIVA DE SEGURIDAD,0.16,Entre el medio y el punto máximo de la banda,Sin Evaluación,No,Fijo,0,0-3 años
MAPFRE S.A.,DIRECCION CORPORATIVA DE SEGURIDAD,0.15,Entre el punto mínimo y el punto medio de la banda,Sin Evaluación,No,Fijo,0,0-3 años
"MAPFRE TECH, S.A.",AREA CORPORATIVA DE TECNOLOGIA Y DEL DATO,0.13,Entre el punto mínimo y el punto medio de la banda,Sin Evaluación,No,Fijo,0,0-3 años
"MAPFRE TECH, S.A.",AREA CORPORATIVA DE TECNOLOGIA Y DEL DATO,0.1,Por debajo del mínimo de la banda,Sin Evaluación,No,Fijo,0,0-3 años
MAPFRE S.A.,AREA CORPORATIVA DE TECNOLOGIA Y DEL DATO,0.08,Por debajo del mínimo de la banda,Sin Evaluación,No,Fijo,0,0-3 años
MAPFRE S.A.,AREA CORPORATIVA DE TECNOLOGIA Y DEL DATO,0.06,Entre el punto mínimo y el punto medio de la banda,Sin Evaluación,No,Fijo,0,0-3 años
"MAPFRE TECH, S.A.",AREA CORPORATIVA DE TECNOLOGIA Y DEL DATO,0.04,Entre el punto mínimo y el punto medio de la banda,Sin Evaluación,No,Fijo,0,0-3 años
"MAPFRE TECH, S.A.",AREA CORPORATIVA DE TECNOLOGIA Y DEL DATO,0.04,Entre el punto mínimo y el punto medio de la banda,Sin Evaluación,No,Fijo,0,0-3 años
